name;reference;brand;category;collection;stock;price
Stone Island Bermuda;L100001/V09A 29;Stone Island;bermuda;SS26;2;100
Stone Island Bermuda;L100001/V09A 30;Stone Island;bermuda;SS26;2;100
Stone Island Bermuda;L100001/V09A 31;Stone Island;bermuda;SS26;2;100
Stone Island Bermuda;L100001/V09A 32;Stone Island;bermuda;SS26;2;100
Stone Island Bermuda;L100001/V09A 33;Stone Island;bermuda;SS26;2;100
Stone Island Bermuda;L100001/V09A 34;Stone Island;bermuda;SS26;2;100
Stone Island Bermuda;L100001/V09A 36;Stone Island;bermuda;SS26;2;100
Stone Island Bermuda;L100001/V09A 40;Stone Island;bermuda;SS26;2;100
Stone Island Bermuda;L100020/V05G 29;Stone Island;bermuda;SS26;2;100
Stone Island Bermuda;L100020/V05G 30;Stone Island;bermuda;SS26;2;100
Stone Island Bermuda;L100020/V05G 31;Stone Island;bermuda;SS26;2;100
Stone Island Bermuda;L100020/V05G 32;Stone Island;bermuda;SS26;2;100
Stone Island Bermuda;L100020/V05G 33;Stone Island;bermuda;SS26;2;100
Stone Island Bermuda;L100020/V05G 34;Stone Island;bermuda;SS26;2;100
Stone Island Bermuda;L100020/V05G 36;Stone Island;bermuda;SS26;2;100
Stone Island Bermuda;L100020/V05G 38;Stone Island;bermuda;SS26;2;100
Stone Island Bermuda;L100020/V05G 40;Stone Island;bermuda;SS26;2;100
Stone Island Bermuda;L100020/V24 29;Stone Island;bermuda;SS26;2;100
Stone Island Bermuda;L100020/V24 30;Stone Island;bermuda;SS26;2;100
Stone Island Bermuda;L100020/V24 31;Stone Island;bermuda;SS26;2;100
Stone Island Bermuda;L100020/V24 32;Stone Island;bermuda;SS26;2;100
Stone Island Bermuda;L100020/V24 33;Stone Island;bermuda;SS26;2;100
Stone Island Bermuda;L100020/V24 34;Stone Island;bermuda;SS26;2;100
Stone Island Bermuda;L100020/V24 36;Stone Island;bermuda;SS26;2;100
Stone Island Bermuda;L100020/V24 38;Stone Island;bermuda;SS26;2;100
Stone Island Bermuda;L100020/V29 29;Stone Island;bermuda;SS26;2;100
Stone Island Bermuda;L100020/V29 30;Stone Island;bermuda;SS26;2;100
Stone Island Bermuda;L100020/V29 31;Stone Island;bermuda;SS26;2;100
Stone Island Bermuda;L100020/V29 32;Stone Island;bermuda;SS26;2;100
Stone Island Bermuda;L100020/V29 33;Stone Island;bermuda;SS26;2;100
Stone Island Bermuda;L100020/V29 34;Stone Island;bermuda;SS26;2;100
Stone Island Bermuda;L100020/V29 36;Stone Island;bermuda;SS26;2;100
Stone Island Bermuda;L100020/V29 38;Stone Island;bermuda;SS26;2;100
Stone Island Bermuda;L100020/V29 40;Stone Island;bermuda;SS26;2;100
Stone Island Cardigan;6100014/V29 L;Stone Island;cardigan;SS26;2;100
Stone Island Cardigan;6100014/V29 M;Stone Island;cardigan;SS26;2;100
Stone Island Cardigan;6100014/V29 S;Stone Island;cardigan;SS26;2;100
Stone Island Cardigan;6100014/V29 XL;Stone Island;cardigan;SS26;2;100
Stone Island Cardigan;6100014/V29 XXL;Stone Island;cardigan;SS26;2;100
Stone Island Jogging Molleton;6200021/V29 L;Stone Island;jogging molleton;SS26;2;100
Stone Island Jogging Molleton;6200021/V29 M;Stone Island;jogging molleton;SS26;2;100
Stone Island Jogging Molleton;6200021/V29 XL;Stone Island;jogging molleton;SS26;2;100
Stone Island Jogging Molleton;6200021/V29 XXL;Stone Island;jogging molleton;SS26;2;100
Stone Island Polo MC;2200010/V05G L;Stone Island;polo mc;SS26;2;100
Stone Island Polo MC;2200010/V05G M;Stone Island;polo mc;SS26;2;100
Stone Island Polo MC;2200010/V05G S;Stone Island;polo mc;SS26;2;100
Stone Island Polo MC;2200010/V05G XL;Stone Island;polo mc;SS26;2;100
Stone Island Polo MC;2200010/V05G XXL;Stone Island;polo mc;SS26;2;100
Stone Island Polo MC;2200010/V05G 3XL;Stone Island;polo mc;SS26;2;100
Stone Island Polo MC;2200010/V1001 L;Stone Island;polo mc;SS26;2;100
Stone Island Polo MC;2200010/V1001 M;Stone Island;polo mc;SS26;2;100
Stone Island Polo MC;2200010/V1001 S;Stone Island;polo mc;SS26;2;100
Stone Island Polo MC;2200010/V1001 XL;Stone Island;polo mc;SS26;2;100
Stone Island Polo MC;2200010/V1001 XXL;Stone Island;polo mc;SS26;2;100
Stone Island Polo MC;2200010/V1001 3XL;Stone Island;polo mc;SS26;2;100
Stone Island Polo MC;2200010/V20 L;Stone Island;polo mc;SS26;2;100
Stone Island Polo MC;2200010/V20 M;Stone Island;polo mc;SS26;2;100
Stone Island Polo MC;2200010/V20 S;Stone Island;polo mc;SS26;2;100
Stone Island Polo MC;2200010/V20 XL;Stone Island;polo mc;SS26;2;100
Stone Island Polo MC;2200010/V20 XXL;Stone Island;polo mc;SS26;2;100
Stone Island Polo MC;2200010/V20 3XL;Stone Island;polo mc;SS26;2;100
Stone Island Polo MC;2200010/V24 L;Stone Island;polo mc;SS26;4;100
Stone Island Polo MC;2200010/V24 M;Stone Island;polo mc;SS26;6;100
Stone Island Polo MC;2200010/V24 S;Stone Island;polo mc;SS26;2;100
Stone Island Polo MC;2200010/V24 XL;Stone Island;polo mc;SS26;5;100
Stone Island Polo MC;2200010/V24 XXL;Stone Island;polo mc;SS26;2;100
Stone Island Polo MC;2200010/V24 3XL;Stone Island;polo mc;SS26;2;100
Stone Island Polo MC;2200010/V29 L;Stone Island;polo mc;SS26;4;100
Stone Island Polo MC;2200010/V29 M;Stone Island;polo mc;SS26;6;100
Stone Island Polo MC;2200010/V29 S;Stone Island;polo mc;SS26;4;100
Stone Island Polo MC;2200010/V29 XL;Stone Island;polo mc;SS26;4;100
Stone Island Polo MC;2200010/V29 XXL;Stone Island;polo mc;SS26;4;100
Stone Island Polo MC;2200010/V29 3XL;Stone Island;polo mc;SS26;2;100
Stone Island Surchemise;1200005/V05G L;Stone Island;surchemise;SS26;6;100
Stone Island Surchemise;1200005/V05G M;Stone Island;surchemise;SS26;6;100
Stone Island Surchemise;1200005/V05G S;Stone Island;surchemise;SS26;4;100
Stone Island Surchemise;1200005/V05G XL;Stone Island;surchemise;SS26;4;100
Stone Island Surchemise;1200005/V05G XXL;Stone Island;surchemise;SS26;2;100
Stone Island Surchemise;1200011/V20 L;Stone Island;surchemise;SS26;1;100
Stone Island Surchemise;1200011/V20 M;Stone Island;surchemise;SS26;2;100
Stone Island Surchemise;1200011/V20 S;Stone Island;surchemise;SS26;2;100
Stone Island Sweat;5100023/V29 L;Stone Island;sweat;SS26;6;100
Stone Island Sweat;5100023/V29 M;Stone Island;sweat;SS26;6;100
Stone Island Sweat;5100023/V29 S;Stone Island;sweat;SS26;4;100
Stone Island Sweat;5100023/V29 XL;Stone Island;sweat;SS26;6;100
Stone Island Sweat;5100023/V29 XXL;Stone Island;sweat;SS26;4;100
Stone Island Sweat;5100023/V29 XXXL;Stone Island;sweat;SS26;2;100
Stone Island Sweat;5100023/V93 L;Stone Island;sweat;SS26;6;100
Stone Island Sweat;5100023/V93 M;Stone Island;sweat;SS26;6;100
Stone Island Sweat;5100023/V93 S;Stone Island;sweat;SS26;4;100
Stone Island Sweat;5100023/V93 XL;Stone Island;sweat;SS26;4;100
Stone Island Sweat;5100023/V93 XXL;Stone Island;sweat;SS26;4;100
Stone Island Sweat;5100023/V93 XXXL;Stone Island;sweat;SS26;2;100
Stone Island Sweat;5100035E/V20 L;Stone Island;sweat;SS26;2;100
Stone Island Sweat;5100035E/V20 M;Stone Island;sweat;SS26;2;100
Stone Island Sweat;5100035E/V20 S;Stone Island;sweat;SS26;2;100
Stone Island Sweat;5100035E/V20 XL;Stone Island;sweat;SS26;2;100
Stone Island Sweat;5100035E/V20 XXL;Stone Island;sweat;SS26;2;100
Stone Island Sweat;5100035E/V64 L;Stone Island;sweat;SS26;2;100
Stone Island Sweat;5100035E/V64 M;Stone Island;sweat;SS26;2;100
Stone Island Sweat;5100035E/V64 S;Stone Island;sweat;SS26;2;100
Stone Island Sweat;5100035E/V64 XL;Stone Island;sweat;SS26;2;100
Stone Island Sweat;5100035E/V64 XXL;Stone Island;sweat;SS26;2;100
Stone Island Sweat;5100038/V02E L;Stone Island;sweat;SS26;2;100
Stone Island Sweat;5100038/V02E M;Stone Island;sweat;SS26;2;100
Stone Island Sweat;5100038/V02E S;Stone Island;sweat;SS26;2;100
Stone Island Sweat;5100038/V02E XL;Stone Island;sweat;SS26;2;100
Stone Island Sweat;5100038/V02E XXL;Stone Island;sweat;SS26;2;100
Stone Island Sweat;6100058/V29 L;Stone Island;sweat;SS26;6;100
Stone Island Sweat;6100058/V29 M;Stone Island;sweat;SS26;2;100
Stone Island Sweat;6100058/V29 S;Stone Island;sweat;SS26;2;100
Stone Island Sweat;6100058/V29 XL;Stone Island;sweat;SS26;2;100
Stone Island Sweat;6100058/V29 XXL;Stone Island;sweat;SS26;2;100
Stone Island Sweat;6100058/V29 XXXL;Stone Island;sweat;SS26;2;100
Stone Island Sweat;6100058/V34 L;Stone Island;sweat;SS26;2;100
Stone Island Sweat;6100058/V34 M;Stone Island;sweat;SS26;2;100
Stone Island Sweat;6100058/V34 S;Stone Island;sweat;SS26;2;100
Stone Island Sweat;6100058/V34 XL;Stone Island;sweat;SS26;2;100
Stone Island Sweat;6100060E/V04A L;Stone Island;sweat;SS26;2;100
Stone Island Sweat;6100060E/V04A M;Stone Island;sweat;SS26;2;100
Stone Island Sweat;6100060E/V04A S;Stone Island;sweat;SS26;2;100
Stone Island Sweat;6100060E/V04A XL;Stone Island;sweat;SS26;2;100
Stone Island Sweat;6100060E/V04A XXL;Stone Island;sweat;SS26;2;100
Stone Island Sweat;6100060E/V08G L;Stone Island;sweat;SS26;2;100
Stone Island Sweat;6100060E/V08G M;Stone Island;sweat;SS26;2;100
Stone Island Sweat;6100060E/V08G S;Stone Island;sweat;SS26;2;100
Stone Island Sweat;6100060E/V29 L;Stone Island;sweat;SS26;2;100
Stone Island Sweat;6100060E/V29 M;Stone Island;sweat;SS26;2;100
Stone Island Sweat;6100060E/V29 S;Stone Island;sweat;SS26;2;100
Stone Island Sweat;6100060E/V29 XL;Stone Island;sweat;SS26;2;100
Stone Island Sweat;6100060E/V29 XXL;Stone Island;sweat;SS26;2;100
Stone Island Sweat;6100060E/V29 XXXL;Stone Island;sweat;SS26;2;100
Stone Island Sweat;6100062E/V05G L;Stone Island;sweat;SS26;2;100
Stone Island Sweat;6100062E/V05G M;Stone Island;sweat;SS26;2;100
Stone Island Sweat;6100062E/V05G S;Stone Island;sweat;SS26;2;100
Stone Island Sweat;6100062E/V05G XL;Stone Island;sweat;SS26;2;100
Stone Island Sweat;6100062E/V05G XXL;Stone Island;sweat;SS26;2;100
Stone Island Casquette;9100001/V29 UN;Stone Island;casquette;SS26;2;100
Stone Island Casquette;9100011E/V08F L;Stone Island;casquette;SS26;2;100
Stone Island Casquette;9100011E/V08F M;Stone Island;casquette;SS26;2;100
Stone Island Casquette;9100011E/V29 L;Stone Island;casquette;SS26;2;100
Stone Island Casquette;9100011E/V29 M;Stone Island;casquette;SS26;2;100
Stone Island Casquette;9100011E/V59 L;Stone Island;casquette;SS26;2;100
Stone Island Casquette;9100011E/V59 M;Stone Island;casquette;SS26;2;100
Stone Island Casquette;9100013/V20 UN;Stone Island;casquette;SS26;2;100
Stone Island Casquette;9100013/V93 UN;Stone Island;casquette;SS26;2;100
Stone Island Maillot homme;B100003/V05G L;Stone Island;maillot homme;SS26;2;100
Stone Island Maillot homme;B100003/V05G M;Stone Island;maillot homme;SS26;2;100
Stone Island Maillot homme;B100003/V05G S;Stone Island;maillot homme;SS26;2;100
Stone Island Maillot homme;B100003/V05G XL;Stone Island;maillot homme;SS26;2;100
Stone Island Maillot homme;B100003/V05G XXL;Stone Island;maillot homme;SS26;2;100
Stone Island Maillot homme;B100003/V08G L;Stone Island;maillot homme;SS26;2;100
Stone Island Maillot homme;B100003/V08G M;Stone Island;maillot homme;SS26;2;100
Stone Island Maillot homme;B100003/V08G S;Stone Island;maillot homme;SS26;2;100
Stone Island Maillot homme;B100003/V20 L;Stone Island;maillot homme;SS26;2;100
Stone Island Maillot homme;B100003/V20 M;Stone Island;maillot homme;SS26;2;100
Stone Island Maillot homme;B100003/V20 S;Stone Island;maillot homme;SS26;2;100
Stone Island Maillot homme;B100003/V20 XL;Stone Island;maillot homme;SS26;2;100
Stone Island Maillot homme;B100003/V20 XXL;Stone Island;maillot homme;SS26;2;100
Stone Island Maillot homme;B100003/V24 L;Stone Island;maillot homme;SS26;2;100
Stone Island Maillot homme;B100003/V24 M;Stone Island;maillot homme;SS26;2;100
Stone Island Maillot homme;B100003/V24 S;Stone Island;maillot homme;SS26;2;100
Stone Island Maillot homme;B100003/V24 XL;Stone Island;maillot homme;SS26;2;100
Stone Island Maillot homme;B100003/V29 L;Stone Island;maillot homme;SS26;2;100
Stone Island Maillot homme;B100003/V29 M;Stone Island;maillot homme;SS26;2;100
Stone Island Maillot homme;B100003/V29 S;Stone Island;maillot homme;SS26;2;100
Stone Island Maillot homme;B100003/V29 XL;Stone Island;maillot homme;SS26;2;100
Stone Island Maillot homme;B100003/V29 XXL;Stone Island;maillot homme;SS26;2;100
Stone Island Maillot homme;B100003/V31 L;Stone Island;maillot homme;SS26;2;100
Stone Island Maillot homme;B100003/V31 M;Stone Island;maillot homme;SS26;2;100
Stone Island Maillot homme;B100003/V31 S;Stone Island;maillot homme;SS26;2;100
Stone Island Maillot homme;B100003/V31 XL;Stone Island;maillot homme;SS26;2;100
Stone Island Maillot homme;B100003/V31 XXL;Stone Island;maillot homme;SS26;2;100
Stone Island Maillot homme;B100004/V05G L;Stone Island;maillot homme;SS26;2;100
Stone Island Maillot homme;B100004/V05G M;Stone Island;maillot homme;SS26;2;100
Stone Island Maillot homme;B100004/V05G S;Stone Island;maillot homme;SS26;2;100
Stone Island Maillot homme;B100004/V05G XL;Stone Island;maillot homme;SS26;2;100
Stone Island Maillot homme;B100004/V05G XXL;Stone Island;maillot homme;SS26;2;100
Stone Island Maillot homme;B100004/V20 L;Stone Island;maillot homme;SS26;2;100
Stone Island Maillot homme;B100004/V20 M;Stone Island;maillot homme;SS26;2;100
Stone Island Maillot homme;B100004/V20 S;Stone Island;maillot homme;SS26;2;100
Stone Island Maillot homme;B100004/V20 XL;Stone Island;maillot homme;SS26;2;100
Stone Island Maillot homme;B100004/V20 XXL;Stone Island;maillot homme;SS26;2;100
Stone Island Maillot homme;B100004/V61 L;Stone Island;maillot homme;SS26;2;100
Stone Island Maillot homme;B100004/V61 M;Stone Island;maillot homme;SS26;2;100
Stone Island Maillot homme;B100004/V61 S;Stone Island;maillot homme;SS26;2;100
Stone Island Maillot homme;B100004/V61 XL;Stone Island;maillot homme;SS26;2;100
Stone Island Maillot homme;B100004/V61 XXL;Stone Island;maillot homme;SS26;2;100
Stone Island Pantalon;J100007/VJ201 32;Stone Island;pantalon;SS26;2;100
Stone Island Pantalon;J100007/VJ201 33;Stone Island;pantalon;SS26;2;100
Stone Island Pantalon;J100007/VJ201 34;Stone Island;pantalon;SS26;2;100
Stone Island Pantalon;3100018/V20 30;Stone Island;pantalon;SS26;2;100
Stone Island Pantalon;3100018/V20 31;Stone Island;pantalon;SS26;2;100
Stone Island Pantalon;3100018/V20 32;Stone Island;pantalon;SS26;2;100
Stone Island Pantalon;3100018/V20 33;Stone Island;pantalon;SS26;2;100
Stone Island Pantalon;3100018/V20 34;Stone Island;pantalon;SS26;2;100
Stone Island Pantalon;3100018/V20 36;Stone Island;pantalon;SS26;2;100
Stone Island Pantalon;3100031/V05G 28;Stone Island;pantalon;SS26;2;100
Stone Island Pantalon;3100031/V05G 29;Stone Island;pantalon;SS26;2;100
Stone Island Pantalon;3100031/V05G 30;Stone Island;pantalon;SS26;2;100
Stone Island Pantalon;3100031/V05G 31;Stone Island;pantalon;SS26;2;100
Stone Island Pantalon;3100031/V05G 32;Stone Island;pantalon;SS26;2;100
Stone Island Pantalon;3100031/V05G 33;Stone Island;pantalon;SS26;2;100
Stone Island Pantalon;3100031/V05G 34;Stone Island;pantalon;SS26;2;100
Stone Island Pantalon;3100031/V05G 36;Stone Island;pantalon;SS26;2;100
Stone Island Pantalon;3100031/V05G 38;Stone Island;pantalon;SS26;2;100
Stone Island Pantalon;3100032/V09A 31;Stone Island;pantalon;SS26;2;100
Stone Island Pantalon;3100032/V09A 32;Stone Island;pantalon;SS26;2;100
Stone Island Pantalon;3100032/V09A 34;Stone Island;pantalon;SS26;2;100
Stone Island Pantalon;3100032/V20 34;Stone Island;pantalon;SS26;2;100
Stone Island Pantalon;3100032/V29 29;Stone Island;pantalon;SS26;2;100
Stone Island Pantalon;3100032/V29 31;Stone Island;pantalon;SS26;2;100
Stone Island Pantalon;3100032/V29 32;Stone Island;pantalon;SS26;2;100
Stone Island Pochette;9200013/V29 UN;Stone Island;pochette;SS26;2;100
Stone Island Pull ete;5100074/V20 L;Stone Island;pull ete;SS26;2;100
Stone Island Pull ete;5100074/V20 M;Stone Island;pull ete;SS26;2;100
Stone Island Pull ete;5100074/V20 S;Stone Island;pull ete;SS26;2;100
Stone Island Pull ete;5100074/V20 XL;Stone Island;pull ete;SS26;2;100